afile	alang	aregister	astatus	sentlength	ppron	possdet	indef	cconj	whconj	relativ	pied	correl	copula	attrib	pasttense	lexdens	lexTTR	mquantif	mpred	finites	infs	pverbals	deverbals	bypassives	shortpassives	sconj	addit	advers	caus	tempseq	epist	but	comp	sup	neg	numcls	simple	demdets	nnargs	mhd	mdd	acl	aux	aux:pass	ccomp	nsubj:pass	parataxis	xcomp
id_518195	ru	media	ref	34.7479674796748	0.007253158633598503	0.0028076743097800653	0.0	0.967479674796748	0.016260162601626018	0.25203252032520324	0.06504065040650407	0.056910569105691054	0.024390243902439025	3.1707317073170733	0.926829268292683	0.44992980814225547	0.9157142857142857	0.010762751520823585	0.08943089430894309	0.6128048780487805	0.11585365853658537	0.1402439024390244	0.2926829268292683	0.0	0.25203252032520324	0.44715447154471544	0.17073170731707318	0.08130081300813008	0.0975609756097561	0.04878048780487805	0.07317073170731707	0.04878048780487805	0.05830388692579505	0.03356890459363958	0.21951219512195122	1.6991869918699187	0.2682926829268293	0.016846045858680395	0.8723404255319149	4.2621042688511706	1.4222379032414667	0.15934959349593494	0.0	0.006775067750677506	0.103397212543554	0.06545683313975997	0.32055749128919864	0.07617111885404568
id_518288	ru	media	ref	46.84033613445378	0.002511661284535343	0.0001794043774668102	0.0003588087549336204	2.277310924369748	0.0	0.08403361344537816	0.01680672268907563	0.008403361344537815	0.03361344537815126	5.34453781512605	0.8571428571428571	0.44312881234302115	0.8048224177256436	0.0003588087549336204	0.12605042016806722	0.4061433447098976	0.020477815699658702	0.33447098976109213	1.0341296928327646	0.0	0.5126050420168067	0.2184873949579832	0.13445378151260504	0.008403361344537815	0.06722689075630252	0.14285714285714285	0.04201680672268908	0.03361344537815126	0.008097165991902834	0.0	0.05042016806722689	2.235294117647059	0.2773109243697479	0.005023322569070686	0.9171597633136095	4.849571087107598	1.3467366766972622	0.20541216486594635	0.007002801120448179	0.012745098039215686	0.018207282913165264	0.15491196478591435	0.3106842737094838	0.03893557422969187
id_511925	ru	media	ref	21.05925925925926	0.02884277172001407	0.008441786844882167	0.0017587055926837848	0.5925925925925926	0.14814814814814814	0.13333333333333333	0.02962962962962963	0.05925925925925926	0.23703703703703705	1.2740740740740741	1.9555555555555555	0.5086176574041505	0.9931318681318682	0.009848751319029195	0.23703703703703705	0.7376623376623377	0.11948051948051948	0.11948051948051948	0.11688311688311688	0.007407407407407408	0.15555555555555556	0.3851851851851852	0.05185185185185185	0.05185185185185185	0.08148148148148149	0.07407407407407407	0.044444444444444446	0.08148148148148149	0.012987012987012988	0.012987012987012988	0.2222222222222222	1.5555555555555556	0.3037037037037037	0.01618009145269082	0.7189349112426036	3.378404072940192	1.138588543091633	0.0845679012345679	0.01895943562610229	0.07098765432098765	0.09530864197530864	0.01728395061728395	0.183668430335097	0.1514462081128748
id_516192	ru	media	ref	37.08045977011494	0.008369497830130192	0.0018598884066955983	0.00030998140111593303	1.1149425287356323	0.011494252873563218	0.13793103448275862	0.022988505747126436	0.05747126436781609	0.08045977011494253	4.379310344827586	0.9540229885057471	0.42250464972101676	0.8069863824748372	0.0040297582145071295	0.26436781609195403	0.511520737327189	0.05069124423963134	0.2304147465437788	0.9585253456221198	0.0	0.367816091954023	0.4367816091954023	0.1724137931034483	0.06896551724137931	0.22988505747126436	0.08045977011494253	0.20689655172413793	0.022988505747126436	0.008528784648187633	0.0	0.3793103448275862	1.7701149425287357	0.3563218390804598	0.011779293242405457	0.8904109589041096	4.604889256692019	1.270017350502217	0.19184455391351943	0.021839080459770115	0.03199233716475096	0.024438970990695124	0.10117679255610287	0.23645320197044334	0.09340448823207445
id_518191	ru	media	ref	40.955555555555556	0.005425935973955507	0.0005425935973955507	0.0	0.4888888888888889	0.0	0.06666666666666667	0.022222222222222223	0.17777777777777778	0.044444444444444446	6.133333333333334	1.0444444444444445	0.44709712425393383	0.8574401664932362	0.0027129679869777536	0.24444444444444444	0.4214876033057851	0.03305785123966942	0.2644628099173554	0.47107438016528924	0.022222222222222223	0.4666666666666667	0.4444444444444444	0.022222222222222223	0.044444444444444446	0.1111111111111111	0.08888888888888889	0.08888888888888889	0.0	0.012698412698412698	0.012698412698412698	0.08888888888888889	2.1333333333333333	0.2	0.008138903960933261	0.875	4.717423513021242	1.43580965677026	0.2813756613756614	0.0	0.050793650793650794	0.04465608465608466	0.08835978835978835	0.2988359788359788	0.03597883597883598
id_518100	ru	media	ref	33.80891719745223	0.004333082140165787	0.00037678975131876413	0.0	0.8407643312101911	0.03184713375796178	0.05732484076433121	0.0	0.006369426751592357	0.03184713375796178	3.267515923566879	0.9681528662420382	0.4050489826676714	0.8634538152610441	0.0037678975131876413	0.08917197452229299	0.652317880794702	0.056291390728476824	0.09271523178807947	0.27483443708609273	0.0	0.3057324840764331	0.3503184713375796	0.11464968152866242	0.050955414012738856	0.006369426751592357	0.12738853503184713	0.03821656050955414	0.025477707006369428	0.04481792717086835	0.0056022408963585435	0.08917197452229299	1.7261146496815287	0.34394904458598724	0.010550113036925395	0.8730769230769231	3.8362898028547137	1.3216921408914277	0.07098119502578101	0.010509554140127388	0.025690021231422503	0.016151046405823474	0.11821236088752012	0.41923329678106747	0.05259832170660196
id_510477	ru	media	ref	26.328358208955223	0.013605442176870748	0.0017006802721088435	0.002834467120181406	1.0	0.08955223880597014	0.19402985074626866	0.029850746268656716	0.029850746268656716	0.1791044776119403	2.4328358208955225	0.5223880597014925	0.48356009070294786	0.9693181818181819	0.013605442176870748	0.19402985074626866	0.6644736842105263	0.07894736842105263	0.13157894736842105	0.15789473684210525	0.0	0.373134328358209	0.4626865671641791	0.208955223880597	0.04477611940298507	0.14925373134328357	0.13432835820895522	0.14925373134328357	0.1791044776119403	0.05521472392638037	0.018404907975460124	0.29850746268656714	1.8059701492537314	0.22388059701492538	0.013038548752834467	0.7272727272727273	3.732509940909187	1.3871213489472207	0.07338308457711441	0.0029850746268656717	0.010945273631840797	0.05323383084577115	0.07935323383084576	0.4353233830845771	0.04626865671641791
id_516296	ru	media	ref	33.58536585365854	0.006535947712418301	0.005083514887436456	0.0	0.5609756097560976	0.04878048780487805	0.14634146341463414	0.024390243902439025	0.04878048780487805	0.07317073170731707	3.292682926829268	0.8292682926829268	0.4153957879448075	0.8653555219364599	0.0007262164124909223	0.3170731707317073	0.5145631067961165	0.06796116504854369	0.1553398058252427	0.7281553398058253	0.0	0.3902439024390244	0.6097560975609756	0.36585365853658536	0.024390243902439025	0.1951219512195122	0.0975609756097561	0.07317073170731707	0.024390243902439025	0.017857142857142856	0.0	0.2926829268292683	2.5365853658536586	0.21951219512195122	0.017429193899782137	0.9318181818181818	4.447276772549088	1.0618553707785277	0.11324041811846688	0.009581881533101045	0.02305458768873403	0.05592334494773519	0.08455284552845528	0.4521486643437863	0.06637630662020906
id_509664	ru	media	ref	29.38095238095238	0.01539708265802269	0.0032414910858995136	0.0024311183144246355	1.3095238095238095	0.047619047619047616	0.047619047619047616	0.0	0.023809523809523808	0.023809523809523808	2.857142857142857	0.8809523809523809	0.4659643435980551	0.9778911564625851	0.006482982171799027	0.047619047619047616	0.7011494252873564	0.011494252873563218	0.14942528735632185	0.25287356321839083	0.0	0.19047619047619047	0.21428571428571427	0.11904761904761904	0.09523809523809523	0.023809523809523808	0.047619047619047616	0.07142857142857142	0.14285714285714285	0.08415841584158416	0.009900990099009901	0.23809523809523808	1.2619047619047619	0.23809523809523808	0.012155591572123177	0.7956989247311828	4.083115497199539	1.498709179699945	0.08333333333333333	0.0	0.0	0.03571428571428571	0.04563492063492063	0.49404761904761907	0.007936507936507936
id_509621	ru	media	ref	23.353846153846153	0.015810276679841896	0.00461133069828722	0.0013175230566534915	0.7846153846153846	0.03076923076923077	0.13846153846153847	0.07692307692307693	0.015384615384615385	0.03076923076923077	1.5692307692307692	1.0307692307692307	0.4670619235836627	0.9929971988795518	0.01383399209486166	0.12307692307692308	0.6753246753246753	0.15584415584415584	0.1038961038961039	0.17532467532467533	0.0	0.16923076923076924	0.36923076923076925	0.09230769230769231	0.046153846153846156	0.06153846153846154	0.12307692307692308	0.1076923076923077	0.15384615384615385	0.06808510638297872	0.02553191489361702	0.3230769230769231	1.5384615384615385	0.27692307692307694	0.013175230566534914	0.7575757575757576	3.5925860243876997	1.3109627368049133	0.1064102564102564	0.014102564102564103	0.020512820512820513	0.07692307692307693	0.03717948717948718	0.30128205128205127	0.1358974358974359
id_515835	ru	media	ref	24.6	0.030569105691056912	0.0045528455284552845	0.006829268292682927	1.04	0.104	0.2	0.056	0.032	0.128	1.936	1.68	0.4689430894308943	0.9789545145960624	0.010081300813008131	0.144	0.6695652173913044	0.1565217391304348	0.11884057971014493	0.18840579710144928	0.008	0.064	0.408	0.048	0.096	0.056	0.04	0.072	0.128	0.026143790849673203	0.008714596949891068	0.376	1.536	0.248	0.01951219512195122	0.6298932384341637	3.281047394463792	1.3730238534262333	0.15266666666666664	0.0076	0.006266666666666667	0.02333333333333333	0.024	0.2744	0.15973333333333334
en_282	en	media	source	27.939393939393938	0.02386117136659436	0.009761388286334056	0.0	0.5757575757575758	0.06060606060606061	0.2727272727272727	0.0	0.0	0.3939393939393939	1.7575757575757576	2.3333333333333335	0.42733188720173537	0.9899497487437185	0.008676789587852495	0.06060606060606061	0.6571428571428571	0.09523809523809523	0.047619047619047616	0.05714285714285714	0.12121212121212122	0.3939393939393939	0.42424242424242425	0.0	0.15151515151515152	0.0	0.06060606060606061	0.06060606060606061	0.12121212121212122	0.02857142857142857	0.0380952380952381	0.06060606060606061	1.878787878787879	0.24242424242424243	0.006507592190889371	0.7252747252747253	3.6439370894339675	1.6368529789985065	0.1542929292929293	0.1068181818181818	0.1712121212121212	0.06136363636363636	0.10202020202020201	0.08181818181818182	0.14065656565656565
en_Alex_Ovechkin	en	media	source	29.6	0.06808731808731809	0.002079002079002079	0.002079002079002079	0.8153846153846154	0.09230769230769231	0.3230769230769231	0.015384615384615385	0.0	0.6307692307692307	1.2615384615384615	2.246153846153846	0.3705821205821206	0.9609164420485176	0.008316008316008316	0.27692307692307694	0.8461538461538461	0.11965811965811966	0.03418803418803419	0.042735042735042736	0.015384615384615385	0.06153846153846154	0.46153846153846156	0.046153846153846156	0.09230769230769231	0.046153846153846156	0.2153846153846154	0.015384615384615385	0.15384615384615385	0.017857142857142856	0.017857142857142856	0.046153846153846156	1.8461538461538463	0.2	0.015592515592515593	0.5083056478405316	3.3118383420568267	1.558882095236152	0.08076923076923077	0.21142669296515448	0.022636423405654176	0.23583168967784354	0.020927021696252466	0.08794871794871795	0.17122945430637737
en_Trumponomics_Triumphant	en	media	source	25.897435897435898	0.033663366336633666	0.0	0.0019801980198019802	0.7948717948717948	0.07692307692307693	0.20512820512820512	0.0	0.0	0.41025641025641024	1.3076923076923077	0.5897435897435898	0.4405940594059406	0.9309623430962343	0.009900990099009901	0.28205128205128205	0.8770491803278688	0.08196721311475409	0.01639344262295082	0.13114754098360656	0.0	0.07692307692307693	0.7948717948717948	0.1282051282051282	0.07692307692307693	0.1282051282051282	0.15384615384615385	0.1282051282051282	0.02564102564102564	0.088	0.04	0.20512820512820512	1.641025641025641	0.3333333333333333	0.00891089108910891	0.6911764705882353	3.541118066949532	1.666159994849054	0.07417582417582418	0.3210622710622711	0.01225071225071225	0.10952380952380952	0.01225071225071225	0.03083028083028083	0.10657305657305659
en_469	en	media	source	27.0	0.03306878306878307	0.0	0.006613756613756613	0.7142857142857143	0.21428571428571427	0.32142857142857145	0.0	0.0	0.5	1.7142857142857142	0.6071428571428571	0.43915343915343913	0.9764705882352941	0.006613756613756613	0.35714285714285715	0.7848101265822784	0.08860759493670886	0.06329113924050633	0.10126582278481013	0.0	0.07142857142857142	0.5714285714285714	0.14285714285714285	0.14285714285714285	0.0	0.10714285714285714	0.0	0.10714285714285714	0.125	0.03125	0.07142857142857142	1.8571428571428572	0.2857142857142857	0.005291005291005291	0.6067415730337079	3.7189799466744127	1.6386902180667384	0.15476190476190474	0.19345238095238096	0.013095238095238096	0.14226190476190476	0.013095238095238096	0.044047619047619044	0.18928571428571428
en_509	en	media	source	28.69047619047619	0.04896265560165975	0.0016597510373443983	0.0016597510373443983	1.2857142857142858	0.14285714285714285	0.16666666666666666	0.0	0.0	0.35714285714285715	1.3571428571428572	1.1666666666666667	0.4190871369294606	0.9546313799621928	0.008298755186721992	0.23809523809523808	0.8174603174603174	0.12698412698412698	0.023809523809523808	0.07142857142857142	0.0	0.07142857142857142	0.5714285714285714	0.09523809523809523	0.11904761904761904	0.09523809523809523	0.09523809523809523	0.047619047619047616	0.09523809523809523	0.10294117647058823	0.007352941176470588	0.023809523809523808	1.3095238095238095	0.30952380952380953	0.009128630705394191	0.58125	3.2651098047407525	1.6324352081753057	0.037698412698412696	0.1768707482993197	0.021258503401360544	0.34098639455782315	0.017290249433106572	0.033163265306122444	0.1822562358276644
en_365	en	media	source	26.405405405405407	0.021494370522006142	0.0010235414534288639	0.0010235414534288639	0.8918918918918919	0.10810810810810811	0.1891891891891892	0.0	0.0	0.4594594594594595	1.4864864864864864	0.5675675675675675	0.4247697031729785	0.9834123222748815	0.015353121801432957	0.24324324324324326	0.865979381443299	0.10309278350515463	0.041237113402061855	0.061855670103092786	0.0	0.05405405405405406	0.5135135135135135	0.10810810810810811	0.10810810810810811	0.02702702702702703	0.13513513513513514	0.02702702702702703	0.13513513513513514	0.04580152671755725	0.03816793893129771	0.21621621621621623	1.5675675675675675	0.32432432432432434	0.007164790174002047	0.7478991596638656	3.455345942673999	1.5953814161298434	0.13063063063063063	0.1990990990990991	0.04594594594594594	0.1045045045045045	0.04054054054054054	0.12252252252252252	0.11351351351351352
en_146	en	media	source	21.847457627118644	0.02560124127230411	0.0	0.0069821567106283944	0.7627118644067796	0.0	0.13559322033898305	0.0	0.01694915254237288	0.4576271186440678	1.6271186440677967	1.1355932203389831	0.42746314972847166	0.9839285714285714	0.0023273855702094647	0.288135593220339	0.6666666666666666	0.17424242424242425	0.12878787878787878	0.11363636363636363	0.03389830508474576	0.11864406779661017	0.3050847457627119	0.0847457627118644	0.01694915254237288	0.01694915254237288	0.06779661016949153	0.05084745762711865	0.0847457627118644	0.018518518518518517	0.030864197530864196	0.23728813559322035	1.2372881355932204	0.3728813559322034	0.010861132660977503	0.6946564885496184	3.2956003435139833	1.430250491098565	0.2457627118644068	0.2314366424535916	0.05387409200968523	0.03450363196125908	0.028450363196125903	0.05044390637610976	0.06739305891848264
en_136	en	media	source	29.852941176470587	0.03251231527093596	0.003940886699507389	0.0009852216748768472	1.088235294117647	0.08823529411764706	0.3235294117647059	0.0	0.0	0.5	1.6176470588235294	0.9411764705882353	0.4019704433497537	0.9577464788732394	0.006896551724137931	0.35294117647058826	0.7378640776699029	0.13592233009708737	0.038834951456310676	0.1941747572815534	0.029411764705882353	0.058823529411764705	0.4411764705882353	0.0	0.11764705882352941	0.058823529411764705	0.029411764705882353	0.08823529411764706	0.17647058823529413	0.0380952380952381	0.02857142857142857	0.14705882352941177	1.6285714285714286	0.22857142857142856	0.006896551724137931	0.6416666666666667	3.7512842106811526	1.8208155074756978	0.12142857142857143	0.30795918367346936	0.03122448979591837	0.07741496598639455	0.024081632653061225	0.051904761904761905	0.2145578231292517
en_11	en	media	source	21.235955056179776	0.01904761904761905	0.004232804232804233	0.0015873015873015873	0.9101123595505618	0.06741573033707865	0.19101123595505617	0.011235955056179775	0.0	0.3707865168539326	1.550561797752809	1.3146067415730338	0.44603174603174606	0.9756944444444444	0.010582010582010581	0.16853932584269662	0.6555023923444976	0.16267942583732056	0.09569377990430622	0.17703349282296652	0.0	0.07865168539325842	0.4606741573033708	0.02247191011235955	0.10112359550561797	0.0	0.0898876404494382	0.0	0.06741573033707865	0.05952380952380952	0.0	0.12359550561797752	1.550561797752809	0.34831460674157305	0.009523809523809525	0.7848101265822784	3.1121057466708577	1.5004183591215445	0.18670411985018728	0.1604868913857678	0.030337078651685397	0.03089887640449438	0.02659176029962547	0.045505617977528084	0.1936329588014981
en_247	en	media	source	25.03174603174603	0.019657577679137603	0.0	0.0006341154090044388	0.6666666666666666	0.06349206349206349	0.4603174603174603	0.0	0.031746031746031744	0.4444444444444444	1.5396825396825398	1.1111111111111112	0.43373493975903615	0.957983193277311	0.011414077362079899	0.36507936507936506	0.8043478260869565	0.10326086956521739	0.059782608695652176	0.14130434782608695	0.015873015873015872	0.2698412698412698	0.5714285714285714	0.1746031746031746	0.20634920634920634	0.015873015873015872	0.1111111111111111	0.07936507936507936	0.07936507936507936	0.0912863070539419	0.012448132780082987	0.2698412698412698	1.8095238095238095	0.19047619047619047	0.01077996195307546	0.6994818652849741	3.4710619807514154	1.603346478858658	0.14499244142101284	0.2849584278155706	0.07237339380196522	0.10256991685563115	0.05015117157974301	0.06099773242630386	0.1252267573696145
en_524	en	media	source	27.175	0.03679852805887764	0.0	0.007359705611775529	0.875	0.125	0.425	0.0	0.0	0.575	1.625	0.475	0.43514259429622815	0.967280163599182	0.015639374425023	0.55	0.990990990990991	0.14414414414414414	0.036036036036036036	0.12612612612612611	0.0	0.175	0.825	0.1	0.15	0.175	0.1	0.15	0.175	0.06707317073170732	0.03048780487804878	0.15	1.875	0.15	0.011039558417663294	0.5899280575539568	3.502296286716077	1.6442801526804107	0.13	0.27	0.029166666666666664	0.2058333333333333	0.02708333333333333	0.041249999999999995	0.12166666666666666
ru_Ryan_Zinke_Naval_blockade_is_an_option_for_dealing_with_Russia	ru	media	pro	37.90909090909091	0.04316546762589928	0.007194244604316547	0.0	0.7272727272727273	0.09090909090909091	0.2727272727272727	0.09090909090909091	0.0	0.09090909090909091	2.090909090909091	1.7272727272727273	0.38609112709832133	0.9640718562874252	0.002398081534772182	0.18181818181818182	0.6346153846153846	0.2692307692307692	0.07692307692307693	0.11538461538461539	0.0	0.18181818181818182	1.5454545454545454	0.0	0.0	0.2727272727272727	0.0	0.18181818181818182	0.0	0.0	0.02702702702702703	0.18181818181818182	3.1818181818181817	0.0	0.009592326139088728	0.64	3.349758508568271	0.956716278692344	0.06818181818181818	0.06313131313131314	0.022727272727272728	0.2702020202020202	0.0101010101010101	0.3939393939393939	0.1717171717171717
ru_401	ru	media	pro	36.07142857142857	0.04257425742574258	0.011881188118811881	0.005940594059405941	1.1428571428571428	0.14285714285714285	0.2857142857142857	0.10714285714285714	0.25	0.17857142857142858	1.8928571428571428	1.5	0.402970297029703	0.9667458432304038	0.005940594059405941	0.2857142857142857	0.6461538461538462	0.2	0.08461538461538462	0.1076923076923077	0.0	0.14285714285714285	1.2142857142857142	0.25	0.0	0.14285714285714285	0.21428571428571427	0.14285714285714285	0.10714285714285714	0.05555555555555555	0.0	0.6785714285714286	3.357142857142857	0.07142857142857142	0.01782178217821782	0.5294117647058824	4.368776070307041	1.646518557368084	0.06597222222222222	0.02628968253968254	0.0	0.15873015873015875	0.03125	0.30406746031746035	0.23511904761904762
ru_443	ru	media	pro	33.833333333333336	0.02807881773399015	0.010344827586206896	0.0019704433497536944	0.8166666666666667	0.16666666666666666	0.2	0.016666666666666666	0.13333333333333333	0.08333333333333333	2.55	1.05	0.483743842364532	0.9703557312252964	0.005911330049261084	0.25	0.688	0.184	0.056	0.172	0.0	0.16666666666666666	1.2166666666666666	0.2	0.23333333333333334	0.1	0.1	0.16666666666666666	0.1	0.07540983606557378	0.013114754098360656	0.4	2.9	0.1	0.014778325123152709	0.7092511013215859	4.4119426213844735	1.3680630406739591	0.15035714285714283	0.007936507936507936	0.004166666666666667	0.11924603174603175	0.020833333333333332	0.3379365079365079	0.17619047619047618
ru_528	ru	media	pro	31.772727272727273	0.027181688125894134	0.008583690987124463	0.002145922746781116	1.0681818181818181	0.09090909090909091	0.4090909090909091	0.1590909090909091	0.1590909090909091	0.09090909090909091	2.25	1.1818181818181819	0.47567954220314734	0.9679767103347889	0.008583690987124463	0.20454545454545456	0.7311827956989247	0.14516129032258066	0.08064516129032258	0.0913978494623656	0.0	0.09090909090909091	0.7045454545454546	0.13636363636363635	0.09090909090909091	0.18181818181818182	0.0	0.20454545454545456	0.11363636363636363	0.06132075471698113	0.0	0.4772727272727273	2.727272727272727	0.045454545454545456	0.013590844062947067	0.6646341463414634	4.152727957237545	1.3330774479791838	0.12765151515151515	0.013257575757575756	0.022727272727272728	0.08371212121212121	0.018939393939393936	0.4231060606060606	0.1742424242424242
ru_Russias_Army	ru	media	pro	33.6	0.011904761904761904	0.003968253968253968	0.0	1.2	0.0	0.06666666666666667	0.0	0.26666666666666666	0.06666666666666667	3.7333333333333334	1.0	0.44841269841269843	0.9377593360995851	0.00992063492063492	0.26666666666666666	0.717391304347826	0.15217391304347827	0.043478260869565216	0.45652173913043476	0.0	0.26666666666666666	1.0	0.26666666666666666	0.26666666666666666	0.2	0.2	0.13333333333333333	0.13333333333333333	0.011764705882352941	0.0	0.2	2.2	0.13333333333333333	0.015873015873015872	0.8367346938775511	3.2619318466888796	1.1875249947521211	0.2712962962962963	0.041666666666666664	0.049074074074074076	0.02222222222222222	0.007407407407407407	0.22962962962962966	0.11203703703703703
ru_81	ru	media	pro	55.857142857142854	0.02557544757033248	0.005115089514066497	0.0	1.5714285714285714	0.2857142857142857	0.2857142857142857	0.0	0.14285714285714285	0.14285714285714285	5.571428571428571	2.857142857142857	0.4322250639386189	0.9285714285714286	0.010230179028132993	0.42857142857142855	0.5714285714285714	0.05714285714285714	0.14285714285714285	0.2	0.0	1.1428571428571428	1.7142857142857142	0.2857142857142857	0.14285714285714285	0.14285714285714285	0.42857142857142855	0.14285714285714285	0.0	0.0	0.0	0.2857142857142857	3.857142857142857	0.0	0.017902813299232736	0.6774193548387096	4.5628659382610115	1.3910518052232952	0.0642857142857143	0.0	0.0642857142857143	0.10510204081632654	0.2285714285714286	0.4969387755102041	0.04081632653061224
ru_168	ru	media	pro	31.1875	0.023189235614085313	0.007729745204695104	0.000286286859433152	0.8571428571428571	0.13392857142857142	0.2857142857142857	0.07142857142857142	0.11607142857142858	0.08928571428571429	2.625	1.4821428571428572	0.5055825937589464	0.9603045133224578	0.005153163469796736	0.14285714285714285	0.6296296296296297	0.13333333333333333	0.18024691358024691	0.26666666666666666	0.0	0.17857142857142858	0.7410714285714286	0.044642857142857144	0.10714285714285714	0.08035714285714286	0.09821428571428571	0.05357142857142857	0.03571428571428571	0.029885057471264367	0.006896551724137931	0.19642857142857142	2.2142857142857144	0.23214285714285715	0.019181219582021184	0.7524752475247525	3.9564180283504706	1.339092190962693	0.2744260204081633	0.0017857142857142859	0.01875	0.10176445578231293	0.05491071428571429	0.17876275510204082	0.14638605442176872
ru_540	ru	media	pro	41.46153846153846	0.00927643784786642	0.0037105751391465678	0.0055658627087198514	1.1538461538461537	0.0	0.46153846153846156	0.15384615384615385	0.3076923076923077	0.3076923076923077	3.923076923076923	1.4615384615384615	0.5157699443413729	0.9893238434163701	0.0018552875695732839	0.23076923076923078	0.7	0.25	0.1	0.21666666666666667	0.0	0.3076923076923077	1.2307692307692308	0.23076923076923078	0.3076923076923077	0.0	0.15384615384615385	0.15384615384615385	0.15384615384615385	0.02631578947368421	0.013157894736842105	0.6923076923076923	3.230769230769231	0.15384615384615385	0.0074211502782931356	0.7843137254901961	5.1446369670501335	1.5635857073324408	0.13919413919413917	0.22124542124542124	0.038461538461538464	0.04945054945054945	0.007692307692307693	0.25347985347985347	0.13663003663003664
ru_60	ru	media	pro	26.285714285714285	0.013043478260869565	0.005434782608695652	0.0010869565217391304	1.2	0.02857142857142857	0.05714285714285714	0.0	0.08571428571428572	0.05714285714285714	2.8	1.2857142857142858	0.532608695652174	0.9760956175298805	0.007608695652173913	0.2	0.6792452830188679	0.16981132075471697	0.0660377358490566	0.18867924528301888	0.0	0.02857142857142857	0.4857142857142857	0.2	0.08571428571428572	0.0	0.11428571428571428	0.05714285714285714	0.14285714285714285	0.006578947368421052	0.013157894736842105	0.2	1.3428571428571427	0.42857142857142855	0.015217391304347827	0.8666666666666667	3.7475481485026982	1.4417252917694494	0.0880952380952381	0.007142857142857143	0.014285714285714285	0.10714285714285714	0.0	0.11428571428571428	0.24047619047619045
ru_324	ru	media	pro	27.517241379310345	0.042606516290726815	0.0012531328320802004	0.002506265664160401	0.9655172413793104	0.0	0.27586206896551724	0.10344827586206896	0.034482758620689655	0.20689655172413793	1.3793103448275863	1.206896551724138	0.45864661654135336	0.976	0.008771929824561403	0.4482758620689655	0.6132075471698113	0.1320754716981132	0.12264150943396226	0.19811320754716982	0.0	0.4827586206896552	1.0689655172413792	0.10344827586206896	0.10344827586206896	0.10344827586206896	0.1724137931034483	0.27586206896551724	0.06896551724137931	0.04081632653061224	0.030612244897959183	0.27586206896551724	2.4482758620689653	0.06896551724137931	0.017543859649122806	0.5783132530120482	3.9079551031528426	1.4942732193115125	0.22068965517241382	0.0	0.07873563218390804	0.12413793103448276	0.028160919540229885	0.2379310344827586	0.10344827586206896
ru_243	ru	media	pro	23.25925925925926	0.022292993630573247	0.007961783439490446	0.0015923566878980893	0.7777777777777778	0.037037037037037035	0.2222222222222222	0.0	0.2222222222222222	0.037037037037037035	1.2222222222222223	0.9259259259259259	0.4840764331210191	0.9650793650793651	0.020700636942675158	0.14814814814814814	0.6933333333333334	0.12	0.06666666666666667	0.17333333333333334	0.0	0.37037037037037035	0.8888888888888888	0.18518518518518517	0.14814814814814814	0.1111111111111111	0.07407407407407407	0.14814814814814814	0.1111111111111111	0.12903225806451613	0.0	0.18518518518518517	2.074074074074074	0.18518518518518517	0.014331210191082803	0.6268656716417911	3.701940838867097	1.3987264406116924	0.08024691358024691	0.009259259259259259	0.012345679012345678	0.12037037037037036	0.08333333333333333	0.37962962962962965	0.12962962962962962
ref_21_ted100	ru	ted	ref	33.05	0.02168431669188099	0.002017145738779627	0.0010085728693898135	1.1666666666666667	0.3333333333333333	0.38333333333333336	0.016666666666666666	0.21666666666666667	0.13333333333333333	2.466666666666667	0.8166666666666667	0.4987392839132627	0.9098436062557498	0.018154311649016642	0.35	0.714859437751004	0.13253012048192772	0.03614457831325301	0.06827309236947791	0.0	0.2833333333333333	1.0666666666666667	0.2833333333333333	0.0	0.26666666666666666	0.25	0.08333333333333333	0.05	0.03142857142857143	0.0	0.21666666666666667	2.6	0.15	0.0226928895612708	0.7322175732217573	4.111225462985089	1.356564620732676	0.11083333333333334	0.016666666666666666	0.0	0.0785185185185185	0.1303703703703704	0.2878703703703704	0.17574074074074073
ref_26_ted100	ru	ted	ref	34.85454545454545	0.020865936358894107	0.003129890453834116	0.003129890453834116	1.3272727272727274	0.10909090909090909	0.6909090909090909	0.07272727272727272	0.4	0.2545454545454545	2.3636363636363638	1.3818181818181818	0.42357850808555036	0.9175141242937853	0.02138758476786646	0.34545454545454546	0.7222222222222222	0.14814814814814814	0.027777777777777776	0.1388888888888889	0.0	0.38181818181818183	1.0	0.23636363636363636	0.09090909090909091	0.2909090909090909	0.21818181818181817	0.12727272727272726	0.12727272727272726	0.01	0.013333333333333334	0.32727272727272727	3.090909090909091	0.07272727272727272	0.03025560772039645	0.5902439024390244	4.399557350932754	1.6537178981892935	0.1798989898989899	0.04373737373737374	0.028282828282828285	0.02949494949494949	0.1111111111111111	0.32898989898989894	0.1875757575757576
ref_84_ted100	ru	ted	ref	28.523809523809526	0.0333889816360601	0.011686143572621035	0.00333889816360601	1.1428571428571428	0.23809523809523808	0.5714285714285714	0.19047619047619047	0.0	0.19047619047619047	1.7619047619047619	1.7619047619047619	0.4307178631051753	0.9772727272727273	0.001669449081803005	0.14285714285714285	0.6	0.17333333333333334	0.16	0.24	0.0	0.19047619047619047	0.8571428571428571	0.09523809523809523	0.047619047619047616	0.19047619047619047	0.14285714285714285	0.14285714285714285	0.14285714285714285	0.013888888888888888	0.013888888888888888	0.14285714285714285	2.5238095238095237	0.19047619047619047	0.018363939899833055	0.6705882352941176	4.053255668506546	1.3938064632991238	0.0626984126984127	0.015873015873015872	0.04285714285714286	0.1761904761904762	0.047619047619047616	0.3103174603174603	0.15396825396825395
ref_53_ted100	ru	ted	ref	20.72289156626506	0.051744186046511625	0.0011627906976744186	0.005813953488372093	0.8795180722891566	0.08433734939759036	0.40963855421686746	0.03614457831325301	0.18072289156626506	0.24096385542168675	1.4096385542168675	0.7108433734939759	0.45465116279069767	0.9606879606879607	0.023255813953488372	0.42168674698795183	0.759825327510917	0.10480349344978165	0.017467248908296942	0.1572052401746725	0.0	0.1566265060240964	0.6265060240963856	0.12048192771084337	0.08433734939759036	0.1566265060240964	0.12048192771084337	0.1686746987951807	0.1686746987951807	0.007142857142857143	0.0035714285714285713	0.4819277108433735	1.7108433734939759	0.25301204819277107	0.01627906976744186	0.4435146443514644	3.7743899249110324	1.091411714560847	0.09721744119334481	0.00929432013769363	0.0030120481927710845	0.10654044750430293	0.08433734939759036	0.19434882386689614	0.20404475043029258
ref_31_ted100	ru	ted	ref	27.875	0.033071748878923765	0.005044843049327354	0.0033632286995515697	1.0625	0.078125	0.4375	0.0625	0.140625	0.484375	1.796875	2.515625	0.4147982062780269	0.9296482412060302	0.0072869955156950675	0.421875	0.8042553191489362	0.16595744680851063	0.05531914893617021	0.09361702127659574	0.0	0.140625	0.75	0.015625	0.03125	0.28125	0.046875	0.109375	0.1875	0.004016064257028112	0.008032128514056224	0.4375	2.34375	0.265625	0.020179372197309416	0.6147186147186147	3.8601935067033373	1.3269601887731048	0.050347222222222224	0.01525297619047619	0.07604166666666667	0.09730902777777778	0.03125	0.22916666666666663	0.2350074404761905
ref_57_ted100	ru	ted	ref	41.416666666666664	0.030181086519114688	0.00335345405767941	0.002012072434607646	1.3333333333333333	0.19444444444444445	0.6111111111111112	0.16666666666666666	0.2777777777777778	0.1388888888888889	3.9722222222222223	0.75	0.47350771294433264	0.889168765743073	0.008718980549966466	0.2777777777777778	0.6134969325153374	0.13496932515337423	0.1411042944785276	0.24539877300613497	0.0	0.3888888888888889	1.0555555555555556	0.25	0.2777777777777778	0.5833333333333334	0.4444444444444444	0.25	0.05555555555555555	0.025089605734767026	0.0	0.4722222222222222	3.5833333333333335	0.16666666666666666	0.031522468142186455	0.6013071895424836	4.861265401791841	1.5926473622705888	0.11230158730158729	0.029320987654320983	0.0030864197530864196	0.07021604938271604	0.11018518518518519	0.330489417989418	0.1499559082892416
ref_17_ted100	ru	ted	ref	25.457142857142856	0.03591470258136925	0.004489337822671156	0.007295173961840628	0.8714285714285714	0.07142857142857142	0.15714285714285714	0.014285714285714285	0.07142857142857142	0.2714285714285714	2.4285714285714284	0.5571428571428572	0.4590347923681257	0.8949671772428884	0.011784511784511785	0.2571428571428571	0.8010471204188482	0.07329842931937172	0.041884816753926704	0.2513089005235602	0.0	0.2714285714285714	0.8142857142857143	0.34285714285714286	0.04285714285714286	0.08571428571428572	0.2714285714285714	0.14285714285714285	0.17142857142857143	0.0392156862745098	0.0	0.21428571428571427	1.8571428571428572	0.18571428571428572	0.015712682379349047	0.6296296296296297	3.8634737995567403	1.4487707834227923	0.057023809523809525	0.019047619047619046	0.008928571428571428	0.08619047619047619	0.09095238095238094	0.4307142857142857	0.09285714285714285
ref_93_ted100	ru	ted	ref	42.26315789473684	0.02054794520547945	0.0049813200498132005	0.0012453300124533001	1.4473684210526316	0.15789473684210525	1.0789473684210527	0.21052631578947367	0.5789473684210527	0.34210526315789475	4.315789473684211	1.2105263157894737	0.4763387297633873	0.9352078239608802	0.011830635118306352	0.3684210526315789	0.6829268292682927	0.09146341463414634	0.13414634146341464	0.1402439024390244	0.02631578947368421	0.18421052631578946	1.3157894736842106	0.21052631578947367	0.10526315789473684	0.21052631578947367	0.2894736842105263	0.23684210526315788	0.10526315789473684	0.033783783783783786	0.02702702702702703	0.34210526315789475	3.6315789473684212	0.10526315789473684	0.031133250311332503	0.5460526315789473	4.755158539430576	1.4895103141246904	0.27919799498746867	0.0	0.011842105263157895	0.0793859649122807	0.06666666666666668	0.2696741854636591	0.13533834586466167
ref_89_ted100	ru	ted	ref	25.742424242424242	0.03590347263095939	0.00529723366686286	0.0017657445556209534	1.0454545454545454	0.10606060606060606	0.24242424242424243	0.030303030303030304	0.19696969696969696	0.3181818181818182	2.742424242424242	1.893939393939394	0.45556209535020603	0.9192399049881235	0.020011771630370805	0.10606060606060606	0.875	0.05434782608695652	0.10326086956521739	0.10326086956521739	0.015151515151515152	0.22727272727272727	0.5303030303030303	0.19696969696969696	0.09090909090909091	0.015151515151515152	0.06060606060606061	0.15151515151515152	0.24242424242424243	0.045454545454545456	0.00974025974025974	0.22727272727272727	1.6515151515151516	0.3181818181818182	0.024720423778693348	0.6391752577319587	3.7756291731941225	1.4661910789169093	0.09343434343434343	0.015151515151515152	0.06439393939393938	0.0707070707070707	0.05555555555555555	0.31565656565656564	0.051767676767676775
ref_33_ted100	ru	ted	ref	23.666666666666668	0.030181086519114688	0.0026827632461435278	0.0013413816230717639	0.9206349206349206	0.031746031746031744	0.23809523809523808	0.015873015873015872	0.09523809523809523	0.30158730158730157	1.7777777777777777	1.0634920634920635	0.40778001341381626	0.926829268292683	0.008718980549966466	0.15873015873015872	0.717948717948718	0.16666666666666666	0.04487179487179487	0.07051282051282051	0.031746031746031744	0.3333333333333333	0.8412698412698413	0.20634920634920634	0.015873015873015872	0.15873015873015872	0.06349206349206349	0.07936507936507936	0.1111111111111111	0.03125	0.004464285714285714	0.23809523809523808	1.7301587301587302	0.2857142857142857	0.029510395707578806	0.5862068965517241	3.5056365230830964	1.2388284538179681	0.10846560846560845	0.005291005291005291	0.06534391534391534	0.12010582010582009	0.13624338624338622	0.24523809523809523	0.0812169312169312
ref_96_ted100	ru	ted	ref	24.014705882352942	0.030006123698714023	0.002449479485609308	0.002449479485609308	1.2794117647058822	0.27941176470588236	0.4411764705882353	0.17647058823529413	0.07352941176470588	0.14705882352941177	1.6470588235294117	0.9852941176470589	0.453153704837722	0.883054892601432	0.014696876913655848	0.20588235294117646	0.75	0.14912280701754385	0.043859649122807015	0.03508771929824561	0.0	0.19117647058823528	0.6176470588235294	0.11764705882352941	0.0	0.16176470588235295	0.10294117647058823	0.08823529411764706	0.22058823529411764	0.03007518796992481	0.03007518796992481	0.3382352941176471	2.2058823529411766	0.19117647058823528	0.02449479485609308	0.6108597285067874	4.124319219214781	1.3412849454706421	0.08227124183006534	0.017401960784313726	0.014705882352941176	0.10841503267973855	0.06887254901960783	0.26576797385620915	0.19256535947712417
en_5_ted	en	ted	source	20.818181818181817	0.07666181465308103	0.0048520135856380394	0.0038816108685104317	0.6767676767676768	0.08080808080808081	0.35353535353535354	0.0	0.010101010101010102	0.5555555555555556	0.8888888888888888	0.8383838383838383	0.37554585152838427	0.9555555555555556	0.012615235322658904	0.29292929292929293	1.0	0.06666666666666667	0.04285714285714286	0.03333333333333333	0.0	0.0707070707070707	0.37373737373737376	0.030303030303030304	0.0707070707070707	0.06060606060606061	0.10101010101010101	0.15151515151515152	0.0707070707070707	0.026717557251908396	0.026717557251908396	0.1919191919191919	1.2135922330097086	0.3786407766990291	0.013100436681222707	0.375	3.1755035396918116	1.4783106050732322	0.10177993527508092	0.2528758458370109	0.02621359223300971	0.04157840541335687	0.018932038834951457	0.06056192997940571	0.11941747572815532
en_12_ted	en	ted	source	25.04385964912281	0.05604203152364273	0.0017513134851138354	0.006654991243432574	0.6491228070175439	0.16666666666666666	0.2982456140350877	0.0	0.0	0.6666666666666666	1.631578947368421	0.7631578947368421	0.4021015761821366	0.9534883720930233	0.014010507880910683	0.5263157894736842	1.0149812734082397	0.0898876404494382	0.0299625468164794	0.06741573033707865	0.0	0.14035087719298245	0.543859649122807	0.008771929824561403	0.14035087719298245	0.07894736842105263	0.14912280701754385	0.11403508771929824	0.21052631578947367	0.039301310043668124	0.026200873362445413	0.3684210526315789	1.3362068965517242	0.3620689655172414	0.017162872154115588	0.46632124352331605	3.2549113984869753	1.6471879439501813	0.09642857142857143	0.34105090311986863	0.032707307060755336	0.1393507115489874	0.024086617405582923	0.03572454844006568	0.08927203065134098
en_40_ted	en	ted	source	17.25503355704698	0.06534422403733955	0.004278490859587709	0.0027226760015558148	0.5302013422818792	0.06040268456375839	0.28187919463087246	0.006711409395973154	0.013422818791946308	0.5436241610738255	0.7785234899328859	0.5234899328859061	0.38078568650330613	0.9413461538461538	0.007390120575651498	0.1476510067114094	0.9547038327526133	0.20209059233449478	0.024390243902439025	0.09059233449477352	0.020134228187919462	0.09395973154362416	0.30201342281879195	0.04697986577181208	0.03355704697986577	0.040268456375838924	0.053691275167785234	0.03355704697986577	0.15436241610738255	0.046822742474916385	0.016722408026755852	0.15436241610738255	1.0536912751677852	0.4563758389261745	0.014002333722287048	0.4641025641025641	2.951916235702966	1.3844442081826533	0.035906040268456375	0.2700383509108341	0.04212208373282199	0.08010546500479386	0.04077980185362736	0.04485458612975392	0.13720038350910835
en_76_ted	en	ted	source	21.248	0.05233433734939759	0.005647590361445783	0.0	0.792	0.088	0.312	0.008	0.0	0.352	1.328	1.064	0.43599397590361444	0.9625935162094763	0.004518072289156626	0.216	0.7440273037542662	0.14675767918088736	0.04778156996587031	0.08873720136518772	0.032	0.136	0.28	0.08	0.064	0.008	0.056	0.04	0.08	0.03076923076923077	0.015384615384615385	0.136	1.2301587301587302	0.4126984126984127	0.014683734939759037	0.5127478753541076	3.2714656194245824	1.4422574272364015	0.08354119425547996	0.14788359788359784	0.0584750566893424	0.06013794406651549	0.06244331065759637	0.0671957671957672	0.13143424036281176
en_57_ted	en	ted	source	26.1	0.07066836951894423	0.001277139208173691	0.002554278416347382	1.1111111111111112	0.13333333333333333	0.6333333333333333	0.0	0.011111111111111112	0.4777777777777778	1.5333333333333334	0.7888888888888889	0.39761600681140913	0.9220138203356367	0.011494252873563218	0.5333333333333333	0.9379310344827586	0.08620689655172414	0.017241379310344827	0.07586206896551724	0.011111111111111112	0.17777777777777778	0.6333333333333333	0.13333333333333333	0.1	0.1111111111111111	0.1111111111111111	0.14444444444444443	0.2111111111111111	0.08284023668639054	0.014792899408284023	0.16666666666666666	1.967032967032967	0.18681318681318682	0.022137079608343976	0.3825136612021858	3.3922606975193568	1.6515810453794266	0.051862026862026865	0.2917082917082917	0.04724442224442224	0.1371017871017871	0.039002664002664	0.06514041514041513	0.15914918414918414
en_66_ted	en	ted	source	24.39814814814815	0.07286527514231499	0.009108159392789373	0.0026565464895635673	0.9444444444444444	0.12962962962962962	0.4074074074074074	0.0	0.0	0.5	0.7777777777777778	1.0648148148148149	0.3741935483870968	0.9381541389153187	0.009108159392789373	0.37962962962962965	0.8606060606060606	0.12121212121212122	0.030303030303030304	0.030303030303030304	0.027777777777777776	0.1574074074074074	0.4166666666666667	0.027777777777777776	0.06481481481481481	0.06481481481481481	0.12037037037037036	0.10185185185185185	0.1574074074074074	0.018115942028985508	0.03260869565217391	0.3333333333333333	1.7222222222222223	0.28703703703703703	0.012903225806451613	0.3974358974358974	3.2406655568484575	1.6109101616834112	0.07504776601998825	0.28517416225749553	0.047541887125220464	0.1045818636096414	0.04082892416225749	0.1072089947089947	0.15443121693121695
en_30_ted	en	ted	source	21.953271028037385	0.06343124733929331	0.009365687526607066	0.005959982971477224	0.8317757009345794	0.14018691588785046	0.34579439252336447	0.009345794392523364	0.009345794392523364	0.4672897196261682	1.3644859813084111	1.1401869158878504	0.393784589186888	0.9625390218522373	0.0140485312899106	0.411214953271028	0.8651685393258427	0.14606741573033707	0.026217228464419477	0.056179775280898875	0.037383177570093455	0.11214953271028037	0.4766355140186916	0.037383177570093455	0.009345794392523364	0.08411214953271028	0.14953271028037382	0.08411214953271028	0.19626168224299065	0.023809523809523808	0.008928571428571428	0.21495327102803738	1.3243243243243243	0.34234234234234234	0.016177096636866752	0.44807121661721067	3.308844848602423	1.6066998473675589	0.043865293865293864	0.3745102245102246	0.03222508222508223	0.09823394823394822	0.022965822965822967	0.04768339768339768	0.14628199628199628
en_16_ted	en	ted	source	21.43	0.07792813812412505	0.003733084461035931	0.0023331777881474567	1.38	0.14	0.35	0.0	0.01	0.7	0.81	0.67	0.38544097060195986	0.9375709421112373	0.01773215118992067	0.26	0.9873949579831933	0.14285714285714285	0.025210084033613446	0.06722689075630252	0.0	0.02	0.37	0.07	0.07	0.04	0.03	0.14	0.13	0.053231939163498096	0.0038022813688212928	0.24	1.37	0.34	0.014465702286514233	0.4306784660766962	3.1942232415511373	1.5111149247744524	0.03283333333333333	0.22	0.006500000000000001	0.12227777777777778	0.006500000000000001	0.08858333333333332	0.14330555555555555
en_80_ted	en	ted	source	20.3265306122449	0.08400267737617136	0.0033467202141900937	0.0033467202141900937	0.8503401360544217	0.06802721088435375	0.42857142857142855	0.0	0.0	0.673469387755102	0.7006802721088435	0.8231292517006803	0.3500669344042838	0.9491833030852994	0.01572958500669344	0.22448979591836735	1.0851063829787233	0.08814589665653495	0.00911854103343465	0.06382978723404255	0.013605442176870748	0.11564625850340136	0.36054421768707484	0.027210884353741496	0.047619047619047616	0.047619047619047616	0.08163265306122448	0.14285714285714285	0.08843537414965986	0.032663316582914576	0.017587939698492462	0.21768707482993196	1.1409395973154361	0.44966442953020136	0.014056224899598393	0.2792207792207792	2.967280159412686	1.4840093069326026	0.03876637903483541	0.2310322786832854	0.05039948865452221	0.11152125279642058	0.03691275167785235	0.05722275487376158	0.09830616810482583
en_87_ted	en	ted	source	18.214876033057852	0.09891107078039928	0.016333938294010888	0.005898366606170599	0.6916666666666667	0.041666666666666664	0.20833333333333334	0.008333333333333333	0.0	0.5333333333333333	0.6583333333333333	1.2333333333333334	0.3666061705989111	0.9793939393939394	0.011343012704174229	0.275	0.9959677419354839	0.10887096774193548	0.008064516129032258	0.012096774193548387	0.0	0.06666666666666667	0.2833333333333333	0.05	0.08333333333333333	0.058333333333333334	0.06666666666666667	0.06666666666666667	0.06666666666666667	0.003937007874015748	0.015748031496062992	0.1	1.139344262295082	0.36885245901639346	0.005898366606170599	0.32344213649851633	3.044904655550152	1.4426853018614172	0.07513661202185792	0.22572859744990892	0.023224043715846993	0.11639344262295082	0.02117486338797814	0.06197632058287795	0.14030054644808743
en_20_ted	en	ted	source	20.401315789473685	0.06675266043211867	0.0012899064817800709	0.0029022895840051595	0.7894736842105263	0.03289473684210526	0.3092105263157895	0.0	0.0	0.40789473684210525	1.0	0.6710526315789473	0.40083843921315704	0.9303892215568862	0.01676878426314092	0.27631578947368424	0.863013698630137	0.13972602739726028	0.030136986301369864	0.0821917808219178	0.0	0.1118421052631579	0.45394736842105265	0.05263157894736842	0.07894736842105263	0.046052631578947366	0.1513157894736842	0.20394736842105263	0.125	0.015384615384615385	0.028205128205128206	0.125	1.1568627450980393	0.3660130718954248	0.020638503708481134	0.4357298474945534	3.0988356889593107	1.4938636763474964	0.04814814814814815	0.2863834422657952	0.03540305010893246	0.0920479302832244	0.03376906318082788	0.07712418300653594	0.13954248366013072
ru_18_ted	ru	ted	pro	23.151785714285715	0.047049749325106055	0.006170458927882761	0.004242190512919399	0.8839285714285714	0.0625	0.19642857142857142	0.03571428571428571	0.16964285714285715	0.11607142857142858	1.1071428571428572	0.8571428571428571	0.44080215966062475	0.9629317607413648	0.014654839953721558	0.21428571428571427	0.7321428571428571	0.11011904761904762	0.09523809523809523	0.11607142857142858	0.0	0.08928571428571429	0.9821428571428571	0.125	0.09821428571428571	0.11607142857142858	0.05357142857142857	0.14285714285714285	0.08035714285714286	0.09565217391304348	0.020289855072463767	0.36607142857142855	1.8928571428571428	0.23214285714285715	0.018125723100655612	0.5357142857142857	3.702133368750847	1.1882137162758877	0.11741071428571427	0.02299107142857143	0.010416666666666668	0.19144345238095237	0.028125	0.2282738095238095	0.11562499999999999
ru_46_ted	ru	ted	pro	20.934782608695652	0.07718933887158186	0.004845967462789893	0.004499826929733472	0.6231884057971014	0.07246376811594203	0.36231884057971014	0.043478260869565216	0.17391304347826086	0.09420289855072464	1.0	0.6739130434782609	0.4205607476635514	0.9404024767801857	0.017999307718933887	0.2898550724637681	0.7454545454545455	0.12727272727272726	0.033766233766233764	0.11948051948051948	0.0	0.12318840579710146	0.6956521739130435	0.13043478260869565	0.021739130434782608	0.17391304347826086	0.08695652173913043	0.10144927536231885	0.10144927536231885	0.0425531914893617	0.005319148936170213	0.30434782608695654	1.673913043478261	0.34782608695652173	0.02630668051228799	0.38461538461538464	3.5107174633877025	1.10620326502562	0.07639751552795031	0.061490683229813665	0.01177536231884058	0.12971877156659764	0.041908212560386474	0.1751293995859213	0.14850759144237405
ru_76_ted	ru	ted	pro	19.756521739130434	0.05017605633802817	0.012764084507042254	0.0	0.7913043478260869	0.06956521739130435	0.12173913043478261	0.017391304347826087	0.02608695652173913	0.09565217391304348	1.5391304347826087	0.9391304347826087	0.49471830985915494	0.9756944444444444	0.0044014084507042256	0.12173913043478261	0.648854961832061	0.11068702290076336	0.1946564885496183	0.21755725190839695	0.008695652173913044	0.06956521739130435	0.3217391304347826	0.034782608695652174	0.02608695652173913	0.034782608695652174	0.06086956521739131	0.017391304347826087	0.05217391304347826	0.024615384615384615	0.015384615384615385	0.1565217391304348	1.182608695652174	0.4608695652173913	0.01716549295774648	0.5756578947368421	3.51478383835117	1.086785014429052	0.1624066754501537	0.023489553924336534	0.004140786749482401	0.05072463768115942	0.0463768115942029	0.1399240855762595	0.08598092728527511
ru_31_ted	ru	ted	pro	21.464912280701753	0.07968941561095219	0.012259910093992644	0.0016346546791990192	0.8245614035087719	0.13157894736842105	0.22807017543859648	0.02631578947368421	0.03508771929824561	0.18421052631578946	1.0964912280701755	1.5	0.4262362076011443	0.9551282051282052	0.006129955046996322	0.20175438596491227	0.7333333333333333	0.15454545454545454	0.08787878787878788	0.10303030303030303	0.0	0.07017543859649122	0.5526315789473685	0.02631578947368421	0.05263157894736842	0.043859649122807015	0.043859649122807015	0.07894736842105263	0.10526315789473684	0.038314176245210725	0.01532567049808429	0.45614035087719296	1.6140350877192982	0.2982456140350877	0.015529219452390683	0.42776203966005666	3.5657576956551624	1.1764070196985195	0.1366436925647452	0.03889933166248956	0.009868421052631578	0.09748329156223892	0.02631578947368421	0.14614661654135339	0.15867794486215536
ru_99_ted	ru	ted	pro	19.99009900990099	0.04457652303120357	0.010896483407627538	0.0029717682020802376	0.801980198019802	0.0594059405940594	0.13861386138613863	0.039603960396039604	0.0594059405940594	0.0891089108910891	1.5544554455445545	0.7821782178217822	0.45319465081723626	0.9501557632398754	0.0079247152055473	0.13861386138613863	0.6710526315789473	0.14035087719298245	0.11842105263157894	0.18859649122807018	0.009900990099009901	0.13861386138613863	0.5346534653465347	0.0891089108910891	0.04950495049504951	0.0594059405940594	0.04950495049504951	0.1188118811881188	0.1485148514851485	0.06711409395973154	0.040268456375838924	0.25742574257425743	1.3267326732673268	0.33663366336633666	0.019316493313521546	0.5109170305676856	3.4742099971763016	1.2023552716411774	0.12062706270627063	0.0363036303630363	0.016831683168316833	0.0916941694169417	0.032508250825082505	0.16655665566556657	0.11963696369636964
ru_1_ted	ru	ted	pro	20.577380952380953	0.07144923343939832	0.010702921608330923	0.0046282904252241824	0.7797619047619048	0.125	0.25595238095238093	0.005952380952380952	0.22023809523809523	0.15476190476190477	1.0416666666666667	0.6785714285714286	0.3980329765692797	0.9392491467576792	0.008388776395718832	0.21428571428571427	0.7986270022883295	0.08924485125858124	0.041189931350114416	0.18077803203661327	0.0	0.09523809523809523	0.9285714285714286	0.08333333333333333	0.047619047619047616	0.16666666666666666	0.10714285714285714	0.16071428571428573	0.21428571428571427	0.04116222760290557	0.002421307506053269	0.4583333333333333	1.5714285714285714	0.25595238095238093	0.02834827885449812	0.4463667820069204	3.6255796282136403	1.1623368864092538	0.14439484126984126	0.013109410430839004	0.012613378684807256	0.1623015873015873	0.02714002267573696	0.18569302721088435	0.12141439909297051
ru_74_ted	ru	ted	pro	16.87837837837838	0.06765412329863892	0.00600480384307446	0.0020016012810248197	0.6959459459459459	0.07432432432432433	0.1891891891891892	0.04054054054054054	0.11486486486486487	0.1554054054054054	0.8175675675675675	0.7837837837837838	0.42073658927141716	0.9615736505032022	0.011609287429943955	0.24324324324324326	0.8012820512820513	0.11858974358974358	0.041666666666666664	0.08012820512820513	0.0	0.05405405405405406	0.527027027027027	0.02027027027027027	0.006756756756756757	0.16216216216216217	0.10135135135135136	0.05405405405405406	0.04054054054054054	0.043209876543209874	0.006172839506172839	0.25	1.114864864864865	0.40540540540540543	0.023618895116092876	0.42346938775510207	3.289583626227216	1.0662965023672133	0.10135135135135136	0.02528957528957529	0.02927927927927928	0.10923423423423421	0.010135135135135136	0.07535392535392535	0.1561132561132561
ru_98_ted	ru	ted	pro	19.256637168141594	0.06066176470588235	0.011948529411764705	0.003676470588235294	0.7433628318584071	0.11504424778761062	0.20353982300884957	0.04424778761061947	0.04424778761061947	0.08849557522123894	0.9380530973451328	0.8938053097345132	0.4319852941176471	0.9740932642487047	0.011029411764705883	0.30973451327433627	0.7033333333333334	0.13333333333333333	0.03666666666666667	0.08333333333333333	0.0	0.1504424778761062	0.4778761061946903	0.07079646017699115	0.017699115044247787	0.07964601769911504	0.07079646017699115	0.07079646017699115	0.13274336283185842	0.045307443365695796	0.016181229773462782	0.2743362831858407	1.575221238938053	0.3274336283185841	0.025735294117647058	0.4355400696864111	3.4720401783712274	1.1366375982634598	0.0617361989043405	0.024336283185840708	0.011061946902654867	0.15855457227138642	0.046460176991150445	0.2063843236409608	0.17288242730720607
ru_89_ted	ru	ted	pro	19.844036697247706	0.07119741100323625	0.02034211742949607	0.002311604253351826	0.8807339449541285	0.06422018348623854	0.1834862385321101	0.03669724770642202	0.045871559633027525	0.10091743119266056	0.9541284403669725	0.6972477064220184	0.43134535367545074	0.96086508753862	0.009708737864077669	0.14678899082568808	0.7269736842105263	0.14473684210526316	0.09210526315789473	0.14473684210526316	0.0	0.03669724770642202	0.7064220183486238	0.09174311926605505	0.01834862385321101	0.045871559633027525	0.12844036697247707	0.11009174311926606	0.1834862385321101	0.023076923076923078	0.0	0.1559633027522936	1.5045871559633028	0.28440366972477066	0.015256588072122053	0.47468354430379744	3.4914676116100742	1.1371936229292756	0.09305373525557013	0.01834862385321101	0.0	0.1995412844036697	0.0061162079510703364	0.20958934032328527	0.19812145041502835
ru_90_ted	ru	ted	pro	18.37962962962963	0.030226700251889168	0.004534005037783375	0.0015113350125944584	0.7685185185185185	0.037037037037037035	0.17592592592592593	0.037037037037037035	0.10185185185185185	0.12037037037037036	1.25	0.5740740740740741	0.472544080604534	0.9801462904911181	0.014105793450881612	0.23148148148148148	0.6666666666666666	0.17857142857142858	0.1111111111111111	0.10714285714285714	0.0	0.06481481481481481	0.6203703703703703	0.1111111111111111	0.027777777777777776	0.12037037037037036	0.09259259259259259	0.06481481481481481	0.16666666666666666	0.015527950310559006	0.003105590062111801	0.2962962962962963	1.537037037037037	0.2037037037037037	0.011586901763224182	0.6325757575757576	3.5309723623672173	1.2008406810961392	0.14175485008818342	0.03317901234567901	0.013888888888888888	0.06459435626102293	0.02138447971781305	0.19625220458553794	0.12153880070546735
ru_44_ted	ru	ted	pro	17.010752688172044	0.0793299620733249	0.012010113780025285	0.004424778761061947	0.510752688172043	0.13978494623655913	0.1989247311827957	0.010752688172043012	0.08064516129032258	0.1774193548387097	0.44086021505376344	0.5698924731182796	0.3580910240202276	0.9248979591836735	0.009481668773704172	0.1989247311827957	0.7410926365795725	0.17339667458432304	0.028503562945368172	0.10688836104513064	0.0	0.0913978494623656	0.6290322580645161	0.005376344086021506	0.021505376344086023	0.08064516129032258	0.06989247311827956	0.021505376344086023	0.12365591397849462	0.0673076923076923	0.003205128205128205	0.3655913978494624	1.3225806451612903	0.44623655913978494	0.012010113780025285	0.3542116630669546	3.1193790237685417	0.9747576568787008	0.03844086021505375	0.01827956989247312	0.007347670250896057	0.06603942652329749	0.0514336917562724	0.1353942652329749	0.1508064516129032
ref_popsci_7904	ru	popsci	ref	34.86280487804878	0.018189768255356363	0.006471359860078706	0.0018364669873196327	1.3170731707317074	0.0701219512195122	0.18902439024390244	0.06402439024390244	0.06402439024390244	0.17682926829268292	3.457317073170732	0.49390243902439024	0.47940533449934414	0.9354948805460751	0.0174901617839965	0.3871951219512195	0.6111685625646329	0.11582213029989659	0.14270941054808686	0.38986556359875907	0.0	0.22865853658536586	0.8201219512195121	0.22865853658536586	0.2073170731707317	0.14634146341463414	0.10670731707317073	0.1951219512195122	0.2225609756097561	0.04035087719298246	0.011842105263157895	0.6554878048780488	2.613981762917933	0.1276595744680851	0.01958898119807608	0.7513751375137514	4.188247880186275	1.5416170190450902	0.13656605130769264	0.029334925459545524	0.007368518006815878	0.04671925507791769	0.06725538055325289	0.4405369368895204	0.12936178984811203
ref_popsci_46930	ru	popsci	ref	28.358695652173914	0.01858949789191261	0.0038328861632809506	0.0013415101571483327	0.9836956521739131	0.07608695652173914	0.2554347826086957	0.07336956521739131	0.1331521739130435	0.13043478260869565	2.5760869565217392	1.4103260869565217	0.5092947489459563	0.95404774726261	0.012552702184745112	0.25815217391304346	0.6518181818181819	0.10636363636363637	0.12818181818181817	0.34363636363636363	0.005434782608695652	0.25271739130434784	0.7282608695652174	0.08695652173913043	0.09510869565217392	0.12228260869565218	0.10326086956521739	0.1331521739130435	0.08695652173913043	0.0344622697563874	0.0142602495543672	0.30434782608695654	1.997282608695652	0.20108695652173914	0.020314296665389038	0.7576656775469832	4.132763156920502	1.3250041004888473	0.2017889492753623	0.031966011042098	0.03278985507246377	0.07305900621118012	0.07226643374741201	0.2393957039337474	0.11775577984817115
ref_popsci_1482	ru	popsci	ref	31.65740740740741	0.015306619869357512	0.006727113190991518	0.0016574046992297942	1.154320987654321	0.05864197530864197	0.20987654320987653	0.05246913580246913	0.13580246913580246	0.10493827160493827	2.904320987654321	0.9506172839506173	0.4861070488446914	0.9506196377502383	0.014136687140489422	0.29012345679012347	0.6312260536398467	0.1417624521072797	0.1082375478927203	0.2978927203065134	0.0030864197530864196	0.25308641975308643	0.808641975308642	0.17592592592592593	0.08641975308641975	0.15123456790123457	0.09567901234567901	0.09567901234567901	0.09259259259259259	0.035858877964141125	0.007518796992481203	0.4074074074074074	2.2253086419753085	0.21296296296296297	0.016769035780442625	0.7566988210075026	4.443195523254257	1.4005685422133825	0.17361500810574887	0.01580442876739173	0.011265432098765432	0.11139904334348778	0.06823927101704878	0.23963276949388054	0.15473540519836815
ref_popsci_41496	ru	popsci	ref	44.0	0.014317486794551014	0.002363080344731721	0.0008340283569641367	1.4281345565749235	0.10397553516819572	0.21406727828746178	0.05504587155963303	0.13761467889908258	0.17737003058103976	4.896024464831804	1.6422018348623852	0.5061162079510704	0.9553922854893728	0.010842368640533779	0.3058103975535168	0.6568627450980392	0.06862745098039216	0.17722473604826547	0.21945701357466063	0.0030581039755351682	0.28134556574923547	0.8165137614678899	0.1743119266055046	0.1926605504587156	0.1743119266055046	0.10703363914373089	0.19877675840978593	0.0764525993883792	0.024973242953977882	0.01712450945415626	0.3853211009174312	3.5688073394495414	0.09785932721712538	0.0191131498470948	0.7847222222222222	4.694922294045183	1.5906905447026807	0.18058926292871247	0.013735983690112133	0.016327827795717703	0.06039516039516039	0.04752571587433972	0.46365893705343236	0.11073347311879422
ref_popsci_36062	ru	popsci	ref	20.233516483516482	0.05010183299389002	0.008553971486761711	0.0062457569585879155	0.8901098901098901	0.07692307692307693	0.09340659340659341	0.016483516483516484	0.06318681318681318	0.07417582417582418	1.260989010989011	0.7445054945054945	0.4505091649694501	0.9509888220120378	0.00923285811269518	0.19230769230769232	0.7059447983014862	0.14968152866242038	0.07218683651804671	0.12632696390658174	0.0	0.10989010989010989	0.5	0.04395604395604396	0.04395604395604396	0.10714285714285714	0.046703296703296704	0.07417582417582418	0.11263736263736264	0.03731343283582089	0.0046641791044776115	0.4642857142857143	1.4368131868131868	0.3131868131868132	0.015342837746096401	0.5615034168564921	3.2882168616631975	1.1931512176526198	0.0809436595150881	0.03546245421245421	0.005036630036630036	0.059534711320425614	0.036584249084249086	0.2201214460143032	0.1722069597069597
ref_popsci_35568	ru	popsci	ref	23.124031007751938	0.042351100681640406	0.010056989607777405	0.002458375237456699	1.0516795865633075	0.056847545219638244	0.17054263565891473	0.04392764857881137	0.08010335917312661	0.04909560723514212	1.5426356589147288	0.7131782945736435	0.4830707341602414	0.9574750830564784	0.011397921555481059	0.18863049095607234	0.6438721136767318	0.12877442273534637	0.13143872113676733	0.14742451154529307	0.00516795865633075	0.13953488372093023	0.5038759689922481	0.059431524547803614	0.020671834625323	0.07493540051679587	0.082687338501292	0.04909560723514212	0.13178294573643412	0.047376093294460644	0.01020408163265306	0.3772609819121447	1.6382428940568476	0.2661498708010336	0.01564420605654263	0.6307550644567219	3.653092425289478	1.2420833437095895	0.10851585250810057	0.02161929371231697	0.0071059431524547806	0.0706461999097658	0.05556991099626759	0.24212398999220702	0.14816557975472702
ref_popsci_12350	ru	popsci	ref	28.92757660167131	0.019162253249879635	0.003948001925854598	0.001059220028887819	1.275766016713092	0.0584958217270195	0.16991643454038996	0.06128133704735376	0.0584958217270195	0.116991643454039	2.7938718662952646	1.4707520891364902	0.504862782859894	0.9609604105571847	0.008184882041405874	0.17827298050139276	0.632173095014111	0.15804327375352775	0.14111006585136407	0.29633113828786456	0.002785515320334262	0.2562674094707521	0.4958217270194986	0.16991643454038996	0.12813370473537605	0.09749303621169916	0.0807799442896936	0.06963788300835655	0.07242339832869081	0.03046280023432923	0.01054481546572935	0.29526462395543174	1.84958217270195	0.25348189415041783	0.009725565719788156	0.7608008429926238	4.141655909096874	1.3485434884763623	0.15661559888579385	0.005501392757660167	0.04967502321262768	0.052327894946279346	0.0655856214352036	0.2526396073749834	0.12796126807268868
ref_popsci_7410	ru	popsci	ref	34.04117647058823	0.023673751512009678	0.004838430965958182	0.002419215482979091	1.423529411764706	0.08235294117647059	0.17647058823529413	0.06470588235294118	0.05588235294117647	0.10882352941176471	3.123529411764706	0.6147058823529412	0.4861759115258338	0.9460322797579018	0.015552099533437015	0.4	0.5575379125780553	0.12845673505798394	0.1801962533452275	0.39161462979482603	0.0058823529411764705	0.19705882352941176	0.7558823529411764	0.18529411764705883	0.2088235294117647	0.16176470588235295	0.13529411764705881	0.21176470588235294	0.17941176470588235	0.0371900826446281	0.01147842056932966	0.5794117647058824	2.7323529411764707	0.1588235294117647	0.019612925522723347	0.7199582027168234	4.256279874027452	1.4902878984679733	0.16673645750635369	0.04289359861591695	0.0055347593582887695	0.053749107486131716	0.034868769254582405	0.3679513498804156	0.12826595789831083
ref_popsci_17784	ru	popsci	ref	42.976539589442815	0.015694302285909244	0.0034118048447628795	0.0015694302285909245	1.5219941348973607	0.10557184750733138	0.3343108504398827	0.05571847507331378	0.20527859237536658	0.21114369501466276	3.3958944281524928	1.4750733137829912	0.4635278062094848	0.9153752863495486	0.010986011600136472	0.530791788856305	0.5909631391200951	0.1248513674197384	0.1545778834720571	0.2794292508917955	0.005865102639296188	0.4046920821114369	1.0879765395894427	0.2434017595307918	0.07917888563049853	0.25219941348973607	0.19941348973607037	0.20821114369501467	0.15835777126099707	0.04991166077738516	0.013692579505300354	0.5161290322580645	4.032258064516129	0.0967741935483871	0.019037871033776868	0.7655325443786982	4.864628533460116	1.5302143072848844	0.17567781680684905	0.012464506819345527	0.018811385746869618	0.04967478757801338	0.06379588153781703	0.3824077925984084	0.16227046820888463
ref_popsci_37544	ru	popsci	ref	20.565552699228792	0.036	0.007	0.003	0.910025706940874	0.043701799485861184	0.10539845758354756	0.02313624678663239	0.056555269922879174	0.043701799485861184	1.4987146529562982	0.5886889460154242	0.5135	0.9706994328922496	0.011875	0.2133676092544987	0.5788479697828139	0.13220018885741266	0.17280453257790368	0.1510859301227573	0.0	0.14395886889460155	0.442159383033419	0.038560411311053984	0.030848329048843187	0.10282776349614396	0.05398457583547558	0.04627249357326478	0.11311053984575835	0.061871616395978345	0.015467904098994586	0.30077120822622105	1.506426735218509	0.30848329048843187	0.015875	0.6856256463288521	3.5316943446285642	1.2396671049187418	0.1361090708777084	0.007485616354510955	0.005012853470437018	0.0634318766066838	0.06831619537275065	0.1817878565307871	0.1522524176765822
ref_popsci_8892	ru	popsci	ref	34.166666666666664	0.01803135888501742	0.006358885017421603	0.0035714285714285713	1.3928571428571428	0.0744047619047619	0.17261904761904762	0.047619047619047616	0.0744047619047619	0.16071428571428573	2.8779761904761907	0.6755952380952381	0.47918118466898957	0.9401811656127158	0.01994773519163763	0.34226190476190477	0.5900383141762452	0.10727969348659004	0.18007662835249041	0.3936781609195402	0.002976190476190476	0.2916666666666667	0.7648809523809523	0.19940476190476192	0.28273809523809523	0.1636904761904762	0.10416666666666667	0.2113095238095238	0.17261904761904762	0.05013799448022079	0.017939282428702852	0.5892857142857143	2.675595238095238	0.16666666666666666	0.014808362369337979	0.7277486910994765	4.23638285638837	1.352158168414478	0.16480654761904762	0.021993102796674227	0.011733512849584278	0.03974985827664399	0.06677414021164021	0.3892786281179138	0.10625944822373394
en_11ps7_136	en	popsci	source	18.087591240875913	0.0557909604519774	0.0020177562550443904	0.007263922518159807	0.4927007299270073	0.05474452554744526	0.42700729927007297	0.020072992700729927	0.0036496350364963502	0.5200729927007299	1.0127737226277371	0.7244525547445255	0.40274414850686036	0.9665859564164649	0.015738498789346248	0.24635036496350365	1.0414312617702448	0.10546139359698682	0.026365348399246705	0.11016949152542373	0.01824817518248175	0.14233576642335766	0.40875912408759124	0.06386861313868614	0.08211678832116788	0.04927007299270073	0.04562043795620438	0.09306569343065693	0.1259124087591241	0.021897810218978103	0.01824817518248175	0.25	1.0619307832422586	0.4408014571948998	0.013216303470540758	0.44871794871794873	3.104068909853803	1.393715699353571	0.060204701188307744	0.26269841269841265	0.06118050134443576	0.09883771359181195	0.05219012923930957	0.047140544135079655	0.1008081070922601
en_9ps2_114	en	popsci	source	22.980968858131487	0.02205826996913348	0.0009786945720093353	0.0011292629677030791	0.9377162629757786	0.07612456747404844	0.23356401384083045	0.02249134948096886	0.0017301038062283738	0.40484429065743943	1.9463667820069204	1.4429065743944636	0.46262139576902805	0.9746233148295004	0.011292629677030791	0.23356401384083045	0.8004807692307693	0.11858974358974358	0.07291666666666667	0.10897435897435898	0.029411764705882353	0.13321799307958476	0.3304498269896194	0.11072664359861592	0.09169550173010381	0.031141868512110725	0.09169550173010381	0.0726643598615917	0.08131487889273356	0.03608736942070275	0.037037037037037035	0.15051903114186851	1.069084628670121	0.39723661485319517	0.01121734547918392	0.6899717514124294	3.3548244725735517	1.5844392601452784	0.10914137675795708	0.21697096800723742	0.06420621213367327	0.07760917838638046	0.053843517833155136	0.03197083093456151	0.10428900402993667
en_1ps1_1	en	popsci	source	24.21759259259259	0.046645000955840184	0.003058688587268209	0.0022940164404511567	0.6574074074074074	0.0787037037037037	0.24537037037037038	0.037037037037037035	0.018518518518518517	0.6620370370370371	1.5046296296296295	0.6435185185185185	0.42439304148346396	0.967741935483871	0.012617090422481362	0.32407407407407407	0.8605504587155963	0.1706422018348624	0.045871559633027525	0.1706422018348624	0.041666666666666664	0.18981481481481483	0.7731481481481481	0.08333333333333333	0.12037037037037036	0.06944444444444445	0.09259259259259259	0.18518518518518517	0.12962962962962962	0.0316622691292876	0.029023746701846966	0.20833333333333334	1.5318181818181817	0.2818181818181818	0.012425922385777098	0.531810766721044	3.4596968160065584	1.633016791136765	0.09893939393939394	0.28728354978354975	0.07243506493506494	0.12776515151515153	0.051298701298701295	0.022878787878787877	0.14849025974025976
en_5ps1_54	en	popsci	source	27.31967213114754	0.05130513051305131	0.0063006300630063005	0.0036003600360036	0.7213114754098361	0.08196721311475409	0.3524590163934426	0.040983606557377046	0.0	0.6065573770491803	1.8934426229508197	1.0081967213114753	0.40684068406840684	0.9495798319327731	0.008100810081008101	0.3360655737704918	0.7891891891891892	0.12972972972972974	0.06756756756756757	0.16756756756756758	0.05737704918032787	0.22131147540983606	0.860655737704918	0.09836065573770492	0.16393442622950818	0.03278688524590164	0.09016393442622951	0.1557377049180328	0.1557377049180328	0.0350109409190372	0.024070021881838075	0.3524590163934426	1.7258064516129032	0.2661290322580645	0.012601260126012601	0.4772727272727273	3.533304516766464	1.6905853274599685	0.1019137224782386	0.21626344086021504	0.08471582181259599	0.1317716333845366	0.0679147465437788	0.03956093189964157	0.1320532514080901
en_1ps8_8	en	popsci	source	25.749271137026238	0.043025362318840576	0.004642210144927536	0.0012454710144927535	0.673469387755102	0.13994169096209913	0.22740524781341107	0.01749271137026239	0.0058309037900874635	0.5860058309037901	1.3440233236151604	0.641399416909621	0.4098731884057971	0.9395276407993771	0.014039855072463768	0.6180758017492711	0.8489130434782609	0.14456521739130435	0.02826086956521739	0.12065217391304348	0.03498542274052478	0.1661807580174927	0.8862973760932945	0.10495626822157435	0.14868804664723032	0.14868804664723032	0.12536443148688048	0.13994169096209913	0.14285714285714285	0.08215767634854772	0.015767634854771784	0.27405247813411077	1.7871720116618075	0.2536443148688047	0.010303442028985508	0.5475319926873857	3.448776372644086	1.6669133470158157	0.12526493590633533	0.37381877921236517	0.05862256467212735	0.0773902077837938	0.03842958952288398	0.04531098153547133	0.117897635244574
en_4ps12_51	en	popsci	source	21.040254237288135	0.04370154063034941	0.0021145906756620684	0.004329876145403283	0.6220806794055201	0.1910828025477707	0.34394904458598724	0.016985138004246284	0.016985138004246284	0.44798301486199577	0.8726114649681529	1.3885350318471337	0.4035847346692176	0.9728155339805825	0.008861141878964857	0.18895966029723993	0.8050713153724247	0.17670364500792393	0.03724247226624406	0.09429477020602219	0.012738853503184714	0.11464968152866242	0.49469214437367304	0.04246284501061571	0.08917197452229299	0.055201698513800426	0.05732484076433121	0.04246284501061571	0.11040339702760085	0.062111801242236024	0.023957409050576754	0.2356687898089172	1.6442105263157896	0.2926315789473684	0.010472258584231195	0.5964310226492794	3.348702651587296	1.4396066501422948	0.10626971274339696	0.22148486601118178	0.041367457104299205	0.1053298631193368	0.03559302101407365	0.03603566608829766	0.18023520339309812
en_2ps10_23	en	popsci	source	23.125541125541126	0.03238487457880943	0.001497566454511419	0.002433545488581056	0.6233766233766234	0.16017316017316016	0.20346320346320346	0.008658008658008658	0.0	0.4588744588744589	1.3982683982683983	2.034632034632035	0.4005990265818046	0.9812012838147639	0.011044552602021715	0.37662337662337664	0.8537477148080439	0.1206581352833638	0.056672760511883	0.12614259597806216	0.021645021645021644	0.21645021645021645	0.4458874458874459	0.06060606060606061	0.06926406926406926	0.030303030303030304	0.10822510822510822	0.021645021645021644	0.12554112554112554	0.036290322580645164	0.030913978494623656	0.1341991341991342	1.4353448275862069	0.34051724137931033	0.007675028079371022	0.6352739726027398	3.2285561027243936	1.5401018832531033	0.0748085846146191	0.31154416703985666	0.06470508658008657	0.07894135318704283	0.0499780750858337	0.045556239737274226	0.13739752823804546
en_12ps4_141	en	popsci	source	28.00656814449918	0.02280722326454034	0.001524390243902439	0.0019348030018761725	0.8390804597701149	0.090311986863711	0.33497536945812806	0.013136288998357963	0.008210180623973728	0.5697865353037767	1.9490968801313628	1.8555008210180624	0.43978658536585363	0.9653796653796654	0.008442776735459663	0.33825944170771755	0.782392026578073	0.10908084163898117	0.09246954595791805	0.21262458471760798	0.04597701149425287	0.23809523809523808	0.6863711001642037	0.15763546798029557	0.15435139573070608	0.09195402298850575	0.13464696223316913	0.09852216748768473	0.11330049261083744	0.037910699241786014	0.016427969671440605	0.1986863711001642	1.7195512820512822	0.21955128205128205	0.012429643527204503	0.6714950853595447	3.699015086001323	1.6561009375620384	0.1532784345284345	0.24646429958929958	0.07733973202723202	0.12989296583046586	0.06358057451807451	0.036892679080179076	0.11787182724682725
en_9ps5_117	en	popsci	source	22.883401920438956	0.025056947608200455	0.002637573432442153	0.0027574631339167964	0.9711934156378601	0.08367626886145405	0.22770919067215364	0.019204389574759947	0.0054869684499314125	0.40329218106995884	1.8641975308641976	1.2949245541838135	0.4328018223234624	0.961640916355887	0.010190624625344683	0.22359396433470508	0.8035375868603917	0.15097915350600127	0.07264687302590019	0.11813013265950727	0.02880658436213992	0.15363511659807957	0.3497942386831276	0.10013717421124829	0.12757201646090535	0.04252400548696845	0.08641975308641975	0.056241426611796985	0.08641975308641975	0.03612012987012987	0.026785714285714284	0.19615912208504802	1.1493150684931508	0.3958904109589041	0.009591176117971466	0.6922666666666667	3.30809527032916	1.517497900087011	0.09136605783866059	0.2036915633833442	0.07361600347901717	0.07224885844748857	0.06357034137856056	0.044017721243748635	0.1172428788867145
en_3ps5_35	en	popsci	source	23.1635687732342	0.051275878671160326	0.0012839030653185683	0.004894880436527042	0.6988847583643123	0.13011152416356878	0.3066914498141264	0.01858736059479554	0.013011152416356878	0.4591078066914498	1.0092936802973977	1.2862453531598512	0.4129353233830846	0.9598955418765156	0.010190980580966137	0.36059479553903345	0.7816455696202531	0.16772151898734178	0.05126582278481013	0.10822784810126582	0.016728624535315983	0.15985130111524162	0.5092936802973977	0.05018587360594796	0.12825278810408922	0.03903345724907063	0.046468401486988845	0.05762081784386617	0.08550185873605948	0.06698240866035182	0.014884979702300407	0.2527881040892193	1.842300556586271	0.2764378478664193	0.009067565398812389	0.5453545904343046	3.390053724901492	1.4615649590822724	0.09435747325903389	0.2316733853048379	0.05472271825813242	0.10862330946364561	0.044836176228733246	0.06393385859172174	0.16808684512766145
en_5ps14_67	en	popsci	source	27.72327044025157	0.023706896551724137	0.004196914700544465	0.000794010889292196	0.6446540880503144	0.09119496855345911	0.27672955974842767	0.03773584905660377	0.0031446540880503146	0.660377358490566	2.2358490566037736	0.7767295597484277	0.4173094373865699	0.9169990029910269	0.008734119782214157	0.48427672955974843	0.8494897959183674	0.11224489795918367	0.05357142857142857	0.25892857142857145	0.0220125786163522	0.18553459119496854	0.6415094339622641	0.040880503144654086	0.1320754716981132	0.1069182389937107	0.07861635220125786	0.10062893081761007	0.15723270440251572	0.02966432474629196	0.00858704137392662	0.20125786163522014	1.46875	0.284375	0.012137023593466424	0.6721504112808461	3.4750143868435166	1.6663003990962244	0.11124661796536797	0.33302680826118325	0.055510010822510815	0.07858292748917747	0.04475480248917748	0.05055803571428571	0.10132079725829726
ru_4ps9_48	ru	popsci	pro	22.324675324675326	0.0447934845840605	0.0075625363583478765	0.002326934264107039	0.974025974025974	0.2987012987012987	0.2857142857142857	0.05194805194805195	0.3116883116883117	0.16883116883116883	1.2597402597402598	0.7012987012987013	0.44037230948225714	0.9415422885572139	0.002326934264107039	0.1038961038961039	0.7116279069767442	0.15813953488372093	0.11162790697674418	0.10697674418604651	0.0	0.1038961038961039	0.6363636363636364	0.06493506493506493	0.025974025974025976	0.07792207792207792	0.012987012987012988	0.03896103896103896	0.03896103896103896	0.03431372549019608	0.004901960784313725	0.3246753246753247	1.5454545454545454	0.36363636363636365	0.01687027341477603	0.591304347826087	3.63148400894563	1.1430876382805442	0.20832349468713107	0.0011806375442739079	0.05844155844155844	0.07497048406139314	0.01741440377804014	0.11597796143250688	0.09512003148366785
ru_1ps10_10	ru	popsci	pro	27.010230179028135	0.037212385190796324	0.006628160212101127	0.0013256320424202253	0.7570332480818415	0.043478260869565216	0.24296675191815856	0.06649616368286446	0.1278772378516624	0.10741687979539642	2.0255754475703327	0.6726342710997443	0.4750497112015908	0.9500094679038061	0.009847552315121674	0.309462915601023	0.6340523882896765	0.12557781201849	0.14560862865947613	0.14791987673343607	0.0025575447570332483	0.17647058823529413	0.9744245524296675	0.12020460358056266	0.10485933503836317	0.17902813299232737	0.08695652173913043	0.17902813299232737	0.12020460358056266	0.04455445544554455	0.006806930693069307	0.36061381074168797	2.289002557544757	0.18414322250639387	0.022441056718113816	0.6511254019292605	4.027235582736245	1.327389163102297	0.2161287703487192	0.041374375837291436	0.02208013640238704	0.0756028498355864	0.04191024235781268	0.1667935290058052	0.16245280720984043
ru_12ps6_143	ru	popsci	pro	31.82747603833866	0.024744027303754267	0.0061734591447500506	0.001003814495081309	1.0543130990415335	0.0878594249201278	0.30670926517571884	0.051118210862619806	0.12460063897763578	0.10063897763578275	2.9648562300319488	1.2875399361022364	0.5061734591447501	0.968500912321137	0.009686809877534631	0.24600638977635783	0.6495428820200261	0.14714845450587724	0.12102742707879843	0.2107096212451023	0.0	0.2523961661341853	0.902555910543131	0.17092651757188498	0.2124600638977636	0.16293929712460065	0.10383386581469649	0.17252396166134185	0.036741214057507986	0.04119402985074627	0.012238805970149255	0.34345047923322686	2.308049535603715	0.15015479876160992	0.01611122264605501	0.7366798767062968	4.399289283473258	1.4291270609239533	0.16688065975991673	0.02854747162022703	0.021699469261388764	0.1363802219452374	0.04940057362657982	0.2272816064224733	0.16392764442300045
ru_3ps5_35	ru	popsci	pro	25.308962264150942	0.047805423539278726	0.013139502376292984	0.0032615786040443573	0.8490566037735849	0.18632075471698112	0.22877358490566038	0.04245283018867924	0.10849056603773585	0.19339622641509435	1.4316037735849056	1.3702830188679245	0.44888640387661916	0.9474822974036192	0.009505171931786413	0.330188679245283	0.6781056966369252	0.1702127659574468	0.08647906657515443	0.15923129718599863	0.0	0.11084905660377359	0.9080188679245284	0.07075471698113207	0.07311320754716981	0.07075471698113207	0.05188679245283019	0.08254716981132075	0.10377358490566038	0.054628224582701064	0.009863429438543247	0.36556603773584906	2.099056603773585	0.24528301886792453	0.013791818097101855	0.577027027027027	3.914016464978948	1.2406978384877572	0.15061769991015272	0.022388814016172508	0.021108490566037735	0.11285377358490564	0.021383647798742137	0.12520496406109613	0.2327633647798742
ru_1ps4_4	ru	popsci	pro	31.169435215946844	0.032509059901939884	0.006182050735450863	0.0014922191430398635	0.9867109634551495	0.10963455149501661	0.3023255813953488	0.06976744186046512	0.2059800664451827	0.132890365448505	2.5083056478405314	1.0	0.48283947985504155	0.9417879417879418	0.010765295246216158	0.45182724252491696	0.5716723549488054	0.13054607508532423	0.16552901023890784	0.24488054607508533	0.0033222591362126247	0.2159468438538206	0.9933554817275747	0.10299003322259136	0.11960132890365449	0.14285714285714285	0.11960132890365449	0.14285714285714285	0.14950166112956811	0.041287613715885234	0.006298110566829951	0.3488372093023256	2.784053156146179	0.1461794019933555	0.022916222553826478	0.6644798500468604	4.458114379469547	1.3387934186417259	0.2505926013816379	0.05129660391288298	0.013602805463270579	0.0794046300690819	0.05607960238358909	0.1886891578336761	0.16099905078310392
ru_5ps3_56	ru	popsci	pro	38.153623188405795	0.0234748917420041	0.004254349312466763	0.0018232925624857555	0.9710144927536232	0.11594202898550725	0.3884057971014493	0.11594202898550725	0.22318840579710145	0.28405797101449276	3.2289855072463767	1.2579710144927536	0.4603813720276533	0.9517826291817182	0.010559902757730001	0.5478260869565217	0.5920959774170783	0.12208892025405788	0.15737473535638674	0.24206069160197602	0.011594202898550725	0.21739130434782608	1.1971014492753622	0.1391304347826087	0.12173913043478261	0.1536231884057971	0.0927536231884058	0.2985507246376812	0.15942028985507245	0.04697674418604651	0.013488372093023256	0.48695652173913045	3.332369942196532	0.09826589595375723	0.017093367773303957	0.686923076923077	4.710919993594477	1.4494322376009026	0.2599005121403965	0.07195197224098958	0.020363106707037344	0.08757611207033172	0.04702620757534052	0.2422212421489878	0.1524637372903269
ru_2ps12_14	ru	popsci	pro	30.326797385620914	0.043534482758620686	0.00646551724137931	0.003879310344827586	0.9215686274509803	0.09803921568627451	0.39215686274509803	0.10457516339869281	0.17647058823529413	0.24836601307189543	2.189542483660131	2.457516339869281	0.44892241379310344	0.9729098552078468	0.010129310344827586	0.1830065359477124	0.7188552188552189	0.1447811447811448	0.132996632996633	0.13468013468013468	0.0	0.1503267973856209	0.6928104575163399	0.05228758169934641	0.2679738562091503	0.0718954248366013	0.1111111111111111	0.0718954248366013	0.0457516339869281	0.027565084226646247	0.022970903522205207	0.47058823529411764	2.4313725490196076	0.16993464052287582	0.020905172413793104	0.6313043478260869	3.9769984738466073	1.4568777921017875	0.18748832866479925	0.03159041394335512	0.014651416122004357	0.07636943666355432	0.042483660130718956	0.22594926859632744	0.19270930594460006
ru_2ps9_22	ru	popsci	pro	28.48701298701299	0.04878048780487805	0.00501481650330522	0.0022794620469569183	0.7402597402597403	0.1038961038961039	0.3051948051948052	0.06493506493506493	0.18831168831168832	0.18181818181818182	1.6363636363636365	2.357142857142857	0.4394802826532938	0.9703069954705587	0.01139731023478459	0.2532467532467532	0.6813008130081301	0.13333333333333333	0.15121951219512195	0.0943089430894309	0.0	0.14935064935064934	0.8506493506493507	0.01948051948051948	0.17532467532467533	0.07792207792207792	0.09090909090909091	0.032467532467532464	0.06493506493506493	0.04310344827586207	0.01206896551724138	0.3181818181818182	2.487012987012987	0.18181818181818182	0.013904718486437201	0.5876106194690266	3.963127770678208	1.2508908876745068	0.25030326816041104	0.015275200989486704	0.00974025974025974	0.08257456828885398	0.03632201132201133	0.1772715379858237	0.18175990675990675
ru_8ps2_107	ru	popsci	pro	38.584210526315786	0.024280452871368163	0.005456281544127677	0.0006820351930159597	1.3842105263157896	0.10526315789473684	0.30526315789473685	0.06315789473684211	0.21578947368421053	0.1631578947368421	3.7736842105263158	2.163157894736842	0.48369935888691856	0.9486356340288925	0.00913927158641386	0.33157894736842103	0.6464891041162227	0.11501210653753027	0.1585956416464891	0.15980629539951574	0.005263157894736842	0.25263157894736843	1.1526315789473685	0.14210526315789473	0.08421052631578947	0.12105263157894737	0.11052631578947368	0.10526315789473684	0.1631578947368421	0.03636363636363636	0.027705627705627706	0.24210526315789474	2.7	0.21052631578947367	0.01555040240076388	0.7374847374847375	4.734444855433547	1.3570817681682354	0.21365520444467812	0.022675438596491224	0.032496012759170655	0.11371457489878543	0.058744325849589	0.183717992533782	0.1539438193385562
ru_10ps1_123	ru	popsci	pro	32.02469135802469	0.029491133384734	0.005975327679259831	0.0007710100231303007	1.4320987654320987	0.1728395061728395	0.345679012345679	0.043209876543209874	0.19135802469135801	0.11728395061728394	2.5987654320987654	1.2901234567901234	0.5028912875867386	0.9598969830757911	0.009444872783346183	0.2716049382716049	0.652931854199683	0.09350237717908082	0.1648177496038035	0.14896988906497624	0.012345679012345678	0.21604938271604937	0.7530864197530864	0.09259259259259259	0.08024691358024691	0.08024691358024691	0.09259259259259259	0.11728395061728394	0.11728395061728394	0.04479578392621871	0.013175230566534914	0.30246913580246915	2.3703703703703702	0.19135802469135801	0.018889745566692366	0.7091836734693877	4.326638389622877	1.3891941082183494	0.2668724279835391	0.03005584950029394	0.04115226337448559	0.06009700176366842	0.05118312757201647	0.16541740152851261	0.1629997060552616
ru_3ps8_38	ru	popsci	pro	23.26839826839827	0.04948837209302326	0.012465116279069767	0.0029767441860465114	0.8917748917748918	0.18181818181818182	0.2510822510822511	0.05194805194805195	0.1471861471861472	0.17316017316017315	1.4285714285714286	0.7229437229437229	0.450046511627907	0.9565045472518782	0.01041860465116279	0.2857142857142857	0.6284916201117319	0.19273743016759776	0.08798882681564246	0.16620111731843576	0.0	0.11688311688311688	0.9177489177489178	0.05627705627705628	0.09523809523809523	0.0735930735930736	0.03463203463203463	0.12554112554112554	0.07792207792207792	0.04514363885088919	0.005471956224350205	0.48484848484848486	1.974025974025974	0.2683982683982684	0.013581395348837209	0.5378151260504201	3.759319210742759	1.3062625206201155	0.1576015254586683	0.02540713254998969	0.005385487528344671	0.09324366110080395	0.0358946608946609	0.11203875489589775	0.23709544423830134
